filename,predicted
captcha_1756123313755.png,3716
captcha_1756123320946.png,9057
captcha_1756123327929.png,3723
captcha_1756123334680.png,3329
captcha_1756123340908.png,7986
captcha_1756123346898.png,5773
captcha_1756123354174.png,9896
captcha_1756123361213.png,5558
captcha_1756123367637.png,2131
captcha_1756123373466.png,7174
captcha_1756123380242.png,5832
captcha_1756123387303.png,9549
captcha_1756123394114.png,2993
captcha_1756123400854.png,9505
captcha_1756123407285.png,9837
captcha_1756123413752.png,9743
captcha_1756123420194.png,5856
captcha_1756123426753.png,9859
captcha_1756123433503.png,5235
captcha_1756123440378.png,4600
captcha_1756123447536.png,9721
captcha_1756123454670.png,6686
captcha_1756123461712.png,6389
captcha_1756123468141.png,9307
captcha_1756123473950.png,1154
captcha_1756123480871.png,2184
captcha_1756123487945.png,9689
captcha_1756123494739.png,8622
captcha_1756123501406.png,1941
captcha_1756123507223.png,6000
captcha_1756123513777.png,2761
captcha_1756123521098.png,5676
captcha_1756123527586.png,2605
captcha_1756123534377.png,1622
captcha_1756123540809.png,9277
captcha_1756123547717.png,2430
captcha_1756123554797.png,6245
captcha_1756123561677.png,7143
captcha_1756123567457.png,1117
captcha_1756123574330.png,8849
captcha_1756123581180.png,6327
captcha_1756123587935.png,6551
captcha_1756123593482.png,7562
captcha_1756123599895.png,3609
captcha_1756123606409.png,7212
captcha_1756123613339.png,6332
captcha_1756123620090.png,5557
captcha_1756123626625.png,2845
captcha_1756123633466.png,7339
captcha_1756123640273.png,6985
captcha_1756123647147.png,8482
captcha_1756123653882.png,2004
captcha_1756123659644.png,8870
captcha_1756123666946.png,7777
captcha_1756123673648.png,4383
captcha_1756123680664.png,3780
captcha_1756123687047.png,3393
captcha_1756123693497.png,8569
captcha_1756123699900.png,4311
captcha_1756123707406.png,2151
captcha_1756123713934.png,7272
captcha_1756123721621.png,4717
captcha_1756123728093.png,1703
captcha_1756123730027.png,5683
captcha_1756123736729.png,3339
captcha_1756123743164.png,1236
captcha_1756123749623.png,8899
captcha_1756123756367.png,4652
captcha_1756123762876.png,2465
captcha_1756123769327.png,4749
captcha_1756123775725.png,8914
captcha_1756123782790.png,6296
captcha_1756123789765.png,4357
captcha_1756123796713.png,1180
captcha_1756123803809.png,9204
captcha_1756123810519.png,4797
captcha_1756123817625.png,2347
captcha_1756123824435.png,3749
captcha_1756123831135.png,7676
captcha_1756123837537.png,1830
captcha_1756123844075.png,3554
captcha_1756123849576.png,1595
captcha_1756123856851.png,5487
captcha_1756123864075.png,1992
captcha_1756156459287.png,6315
captcha_1756156466363.png,3136
captcha_1756156472123.png,1138
captcha_1756156479724.png,9372
captcha_1756156486468.png,8787
captcha_1756156493565.png,3113
captcha_1756156500836.png,9413
captcha_1756156507861.png,8532
captcha_1756156514535.png,5616
captcha_1756156521025.png,7777
captcha_1756156526623.png,7467
captcha_1756156532333.png,3416
captcha_1756156538705.png,3405
captcha_1756156545080.png,3592
captcha_1756156551545.png,3827
captcha_1756156557857.png,2283
captcha_1756156564403.png,6124
captcha_1756156570119.png,5125
captcha_1756156576081.png,9271
captcha_1756156581872.png,9446
captcha_1756156587658.png,9349
captcha_1756156594116.png,5126
captcha_1756156719343.png,1638
captcha_1756156725976.png,6645
captcha_1756156731801.png,1963
captcha_1756156738050.png,5828
captcha_1756156744375.png,8544
captcha_1756156751399.png,3645
captcha_1756156758101.png,9924
captcha_1756156764749.png,2573
captcha_1756156771521.png,1683
captcha_1756156778424.png,4170
captcha_1756156784141.png,8252
captcha_1756157048475.png,8134
captcha_1756157054315.png,6334
captcha_1756157060988.png,8627
captcha_1756157067611.png,3537
captcha_1756157074319.png,1984
captcha_1756157080726.png,4360
captcha_1756157087146.png,3092
captcha_1756157093843.png,4318
captcha_1756157100586.png,6918
captcha_1756157107020.png,1637
captcha_1756157114191.png,8511
captcha_1756157418745.png,3866
captcha_1756157425612.png,5267
captcha_1756157432345.png,7567
captcha_1756157438979.png,5720
captcha_1756157446113.png,5039
captcha_1756157447913.png,8305
captcha_1756157454114.png,7973
captcha_1756157460834.png,4111
captcha_1756157467985.png,2521
captcha_1756157475403.png,6574
captcha_1756157482497.png,5361
captcha_1756157484698.png,6525
captcha_1756157490918.png,6892
captcha_1756157497106.png,3730
captcha_1756157503314.png,6461
captcha_1756157510392.png,2753
captcha_1756157517776.png,5881
captcha_1756157525121.png,9332
captcha_1756157531658.png,8467
captcha_1756157538608.png,5710
captcha_1756157545322.png,2201
captcha_1756157552455.png,9446
captcha_1756157559137.png,3065
captcha_1756157560797.png,8296
captcha_1756157567550.png,7401
captcha_1756157574731.png,9177
captcha_1756157581423.png,6381
captcha_1756157588736.png,5231
captcha_1756157590457.png,8752
captcha_1756157596837.png,4364
captcha_1756157603365.png,2331
captcha_1756157610985.png,4475
captcha_1756157617660.png,7830
captcha_1756157619522.png,5991
captcha_1756157626524.png,5668
captcha_1756157633378.png,6169
captcha_1756157640048.png,7474
captcha_1756157647120.png,1588
captcha_1756157654793.png,6347
captcha_1756157661337.png,8072
captcha_1756157667922.png,5177
captcha_1756157674428.png,1573
captcha_1756157681470.png,3786
captcha_1756158000017.png,5288
captcha_1756158009317.png,6050
captcha_1756158018498.png,4442
captcha_1756158027400.png,1780
captcha_1756158037075.png,5115
captcha_1756158045220.png,9469
captcha_1756158054437.png,3923
captcha_1756158061344.png,4604
captcha_1756158070672.png,1581
captcha_1756158080242.png,4819
captcha_1756158089425.png,3430
captcha_1756158098402.png,5242
captcha_1756158107154.png,7428
captcha_1756158116027.png,5572
captcha_1756158123586.png,5893
captcha_1756158130772.png,4544
captcha_1756158139923.png,9417
captcha_1756158148873.png,5881
captcha_1756158158466.png,7618
captcha_1756158167656.png,6508
captcha_1756158176990.png,7265
captcha_1756158184540.png,7672
captcha_1756158192858.png,6456
captcha_1756158202313.png,1632
captcha_1756158211225.png,6980
captcha_1756158220263.png,6411
captcha_1756158229988.png,9901
captcha_1756158240152.png,6645
captcha_1756158249366.png,4386
captcha_1756158258888.png,9582
captcha_1756158267456.png,9768
captcha_1756158276625.png,5608
captcha_1756158285913.png,1474
captcha_1756158295343.png,2328
captcha_1756158304339.png,4659
captcha_1756158313391.png,8937
captcha_1756158320225.png,3402
captcha_1756158329212.png,1868
captcha_1756158338659.png,2424
captcha_1756158347904.png,3444
captcha_1756158356963.png,9519
captcha_1756158364003.png,8380
captcha_1756158372756.png,9186
captcha_1756158381698.png,1037
captcha_1756158391137.png,7750
captcha_1756158400060.png,2425
captcha_1756158409140.png,2878
captcha_1756158418121.png,8991
captcha_1756158427707.png,7969
captcha_1756158437103.png,3840
captcha_1756158445592.png,8460
captcha_1756158454550.png,7586
captcha_1756158461460.png,9839
captcha_1756158470432.png,4090
captcha_1756158479620.png,5644
captcha_1756158488527.png,3988
captcha_1756158495259.png,5172
captcha_1756158503228.png,7047
captcha_1756158512399.png,4796
captcha_1756158521506.png,5967
captcha_1756158531218.png,3062
captcha_1756158540423.png,5409
captcha_1756158549299.png,2314
captcha_1756158559038.png,2296
captcha_1756158568028.png,3482
captcha_1756158576944.png,5591
captcha_1756158585121.png,6881
captcha_1756158595258.png,7383
captcha_1756158602534.png,2186
captcha_1756158611390.png,8368
captcha_1756158620522.png,2449
captcha_1756158629205.png,3802
captcha_1756158638130.png,8540
captcha_1756158647057.png,3272
captcha_1756158656241.png,5195
captcha_1756158663124.png,5715
captcha_1756158670879.png,5010
captcha_1756158679873.png,5537
captcha_1756158686506.png,9631
captcha_1756158696301.png,8501
captcha_1756158706156.png,7046
captcha_1756158715340.png,7006
captcha_1756158724192.png,1655
captcha_1756158733051.png,5245
captcha_1756158742656.png,3902
captcha_1756158752035.png,1894
captcha_1756158761140.png,9076
captcha_1756158770089.png,1460
captcha_1756158778965.png,4827
captcha_1756158788746.png,1215
captcha_1756158798555.png,6949
captcha_1756158807777.png,2102
captcha_1756158816642.png,8426
captcha_1756158825434.png,7689
captcha_1756158832421.png,6288
captcha_1756158841365.png,7336
captcha_1756158848352.png,4099
captcha_1756158857499.png,7204
captcha_1756158866634.png,9137
captcha_1756158875904.png,8036
captcha_1756158885077.png,8565
captcha_1756158894291.png,7188
captcha_1756158901798.png,9798
captcha_1756158910815.png,9820
captcha_1756158919833.png,3202
captcha_1756158928668.png,9301
captcha_1756158938516.png,5854
captcha_1756158947555.png,9719
captcha_1756158957735.png,8904
captcha_1756158974706.png,1701
captcha_1756158985050.png,5006
captcha_1756158994493.png,7608
captcha_1756159003885.png,4923
captcha_1756159013826.png,4669
captcha_1756159023155.png,5929
captcha_1756159030349.png,5598
captcha_1756159037353.png,1425
captcha_1756159046621.png,4342
captcha_1756159055630.png,9281
captcha_1756159065802.png,6179
captcha_1756159076043.png,7789
captcha_1756159083490.png,9093
captcha_1756159092850.png,7583
captcha_1756159099857.png,7671
captcha_1756159108359.png,2220
captcha_1756159117850.png,9581
captcha_1756159127598.png,9197
captcha_1756159137223.png,1151
captcha_1756159146981.png,9965
captcha_1756159156686.png,2005
captcha_1756159166712.png,4598
captcha_1756159175653.png,1473
captcha_1756159184935.png,2650
captcha_1756159195160.png,4169
captcha_1756159204669.png,5055
captcha_1756159214700.png,3878
captcha_1756159224264.png,2461
captcha_1756159234173.png,3900
captcha_1756159243764.png,2027
captcha_1756159253647.png,2997
captcha_1756159264099.png,8878
captcha_1756159273670.png,2492
captcha_1756159283059.png,9585
captcha_1756159292216.png,8608
captcha_1756159301493.png,2756
captcha_1756159311448.png,2636
captcha_1756159320981.png,8338
captcha_1756159329688.png,4378
captcha_1756159338788.png,4280
captcha_1756159348053.png,7401
captcha_1756159357821.png,6832
captcha_1756159367488.png,2757
captcha_1756159377540.png,4619
captcha_1756159387234.png,4156
captcha_1756159396574.png,7318
captcha_1756159403893.png,4715
captcha_1756159414007.png,4753
captcha_1756159424466.png,8684
captcha_1756159435057.png,8537
captcha_1756159444107.png,6609
captcha_1756159453499.png,7416
captcha_1756159462972.png,3802
captcha_1756159472557.png,2340
captcha_1756159481720.png,1819
captcha_1756159491828.png,7090
captcha_1756159501760.png,4317
captcha_1756159512652.png,7993
captcha_1756159520483.png,5524
captcha_1756159528497.png,7440
captcha_1756159537712.png,6610
captcha_1756159547994.png,4289
captcha_1756159557285.png,1074
captcha_1756159566881.png,3299
captcha_1756159575712.png,7462
captcha_1756159585023.png,8941
captcha_1756159594969.png,8210
captcha_1756159604724.png,5853
captcha_1756159613680.png,8748
captcha_1756159622906.png,7998
captcha_1756159629983.png,8914
captcha_1756159639919.png,4948
captcha_1756159649390.png,4375
captcha_1756159658413.png,2888
captcha_1756159667443.png,2148
captcha_1756159676392.png,2287
captcha_1756159686092.png,4632
captcha_1756159695553.png,3913
captcha_1756159704831.png,2356
captcha_1756159714953.png,4426
captcha_1756159725108.png,2444
captcha_1756159734501.png,4412
captcha_1756159743716.png,9097
captcha_1756159752886.png,2683
captcha_1756159761532.png,9213
captcha_1756159770579.png,4369
captcha_1756159779598.png,5548
captcha_1756159788620.png,6613
captcha_1756159797840.png,8294
captcha_1756159807072.png,1508
captcha_1756159817171.png,8549
captcha_1756159826554.png,9373
captcha_1756159835688.png,1962
captcha_1756159844616.png,4702
captcha_1756159854421.png,5494
captcha_1756159863666.png,2058
captcha_1756159873694.png,3534
captcha_1756159881568.png,1487
captcha_1756159891765.png,7246
captcha_1756159900962.png,8000
captcha_1756159909911.png,3076
captcha_1756159919080.png,7251
captcha_1756159927538.png,7792
captcha_1756159935620.png,8813
captcha_1756159945113.png,1007
captcha_1756159954881.png,2585
captcha_1756159964391.png,4470
captcha_1756159974028.png,2784
captcha_1756159983581.png,8702
captcha_1756159993547.png,7778
captcha_1756160000436.png,5093
captcha_1756160007503.png,7748
captcha_1756160016481.png,5172
captcha_1756160024601.png,4905
captcha_1756160033847.png,2077
captcha_1756160044039.png,9107
captcha_1756160053221.png,8182
captcha_1756160062242.png,5554
captcha_1756160069480.png,6519
captcha_1756160076626.png,1437
captcha_1756160085686.png,1602
captcha_1756160094924.png,2023
captcha_1756160104130.png,5027
captcha_1756160114105.png,4974
captcha_1756160123670.png,7000
captcha_1756160132768.png,5824
captcha_1756160141775.png,5613
captcha_1756160151626.png,2706
captcha_1756160161836.png,9698
captcha_1756160171077.png,8187
captcha_1756160180997.png,5434
captcha_1756160190471.png,3857
captcha_1756160197406.png,3502
captcha_1756160206587.png,7859
captcha_1756160215833.png,8438
captcha_1756160225090.png,6570
captcha_1756160234283.png,9737
captcha_1756160243317.png,6125
captcha_1756160250475.png,1948
captcha_1756160259616.png,1075
captcha_1756160268901.png,7472
captcha_1756160276670.png,3836
captcha_1756160283895.png,2687
captcha_1756160293694.png,7179
captcha_1756160302044.png,2724
captcha_1756160311255.png,8531
captcha_1756160321202.png,9590
captcha_1756160330700.png,3785
captcha_1756160338667.png,1467
captcha_1756160348261.png,5472
captcha_1756160355265.png,8133
captcha_1756160362665.png,8178
captcha_1756160372430.png,3476
captcha_1756160381889.png,3079
captcha_1756160391016.png,3356
captcha_1756160400281.png,9010
captcha_1756160409442.png,6087
captcha_1756160418685.png,7541
captcha_1756160426739.png,5985
captcha_1756160437095.png,1489
captcha_1756160446357.png,8260
captcha_1756160455308.png,3319
captcha_1756160462253.png,4577
captcha_1756160471627.png,1228
captcha_1756160481068.png,1853
captcha_1756160490347.png,1208
captcha_1756160499603.png,3438
captcha_1756160508601.png,8679
captcha_1756160517763.png,9262
captcha_1756160526840.png,1144
captcha_1756160536086.png,9102
captcha_1756160545058.png,1874
captcha_1756160555094.png,5514
captcha_1756160564262.png,4211
captcha_1756160574156.png,2844
captcha_1756160583568.png,4921
captcha_1756160593707.png,5332
captcha_1756160601094.png,8008
captcha_1756160610047.png,9580
captcha_1756160619349.png,2674
captcha_1756160628520.png,2111
captcha_1756160638436.png,9501
captcha_1756160648514.png,9911
captcha_1756160658693.png,4033
captcha_1756160668184.png,7542
captcha_1756160677406.png,7008
captcha_1756160686675.png,7371
captcha_1756160694953.png,2856
captcha_1756160704581.png,3853
captcha_1756160711437.png,1606
captcha_1756160720765.png,7180
captcha_1756160730023.png,8049
captcha_1756160739385.png,1683
captcha_1756160748687.png,2582
captcha_1756160759110.png,8492
captcha_1756160768383.png,5782
captcha_1756160777447.png,7294
captcha_1756160786772.png,3852
captcha_1756160793890.png,6540
captcha_1756160802714.png,8501
captcha_1756160812717.png,1878
captcha_1756160822200.png,4247
captcha_1756160831149.png,5854
captcha_1756160840100.png,3318
captcha_1756160847040.png,1551
captcha_1756160856853.png,4058
captcha_1756160866642.png,7621
captcha_1756160876389.png,4582
captcha_1756160885813.png,2026
captcha_1756160895481.png,8901
captcha_1756160905136.png,9889
captcha_1756160914353.png,1351
captcha_1756160924315.png,3316
captcha_1756160933940.png,6491
captcha_1756160944050.png,7595
captcha_1756160951497.png,6402
captcha_1756160960467.png,2464
captcha_1756160969441.png,7135
captcha_1756160977474.png,2052
captcha_1756160987790.png,6567
captcha_1756160998043.png,8471
captcha_1756161008241.png,7889
captcha_1756161009882.png,7431
captcha_1756161019077.png,3253
captcha_1756161031038.png,6537
captcha_1756161038521.png,4162
captcha_1756161047693.png,4729
captcha_1756161057563.png,9307
captcha_1756161066904.png,2821
captcha_1756161076679.png,8022
captcha_1756161086212.png,2764
captcha_1756161096018.png,4690
captcha_1756161105367.png,7077
captcha_1756161113337.png,7637
captcha_1756161121540.png,8652
captcha_1756161131073.png,2641
captcha_1756161140342.png,9786
captcha_1756161149328.png,4962
captcha_1756161158203.png,6815
captcha_1756161167442.png,3215
captcha_1756161177387.png,6892
captcha_1756161186068.png,1819
captcha_1756161196152.png,2498
captcha_1756161206043.png,3061
captcha_1756161215540.png,5029
captcha_1756161224799.png,1380
captcha_1756161234307.png,5134
captcha_1756161242951.png,8909
captcha_1756161251577.png,8683
captcha_1756161260867.png,8934
captcha_1756161270073.png,5477
captcha_1756161277222.png,4258
captcha_1756161286199.png,5944
captcha_1756161295289.png,6465
captcha_1756161304479.png,1068
captcha_1756161313467.png,4917
captcha_1756161323357.png,6714
captcha_1756161333452.png,5264
captcha_1756161342960.png,5672
captcha_1756161351038.png,2959
captcha_1756161361248.png,4628
captcha_1756161370818.png,9625
captcha_1756161379985.png,1387
captcha_1756161389225.png,3179
captcha_1756161397251.png,5100
captcha_1756161406486.png,7080
captcha_1756161415551.png,1622
captcha_1756161424709.png,1472
captcha_1756161433891.png,5373
captcha_1756161441963.png,1806
captcha_1756161451428.png,1289
captcha_1756161460635.png,3724
captcha_1756161469648.png,1444
captcha_1756161478836.png,5736
captcha_1756161488954.png,8515
captcha_1756161498279.png,1988
captcha_1756161507191.png,6261
captcha_1756161517264.png,9362
captcha_1756161526720.png,1631
captcha_1756161537019.png,4773
captcha_1756161545497.png,9786
captcha_1756161555405.png,5664
captcha_1756161564834.png,2126
captcha_1756161574578.png,7040
captcha_1756161584061.png,9093
captcha_1756161593655.png,4310
captcha_1756161603629.png,4642
captcha_1756161614078.png,2946
captcha_1756161624001.png,9076
captcha_1756161634481.png,4832
captcha_1756161644358.png,1804
captcha_1756161654145.png,6574
captcha_1756161663522.png,8444
captcha_1756161673028.png,3456
captcha_1756161682187.png,9349
captcha_1756161691771.png,2324
captcha_1756161701038.png,8439
captcha_1756161710410.png,1345
captcha_1756161719579.png,9260
captcha_1756161729125.png,9414
captcha_1756161738431.png,5594
captcha_1756162719094.png,5376
captcha_1756162735311.png,8044
captcha_1756162802621.png,5441
captcha_1756162870056.png,2212
captcha_1756162877650.png,8567
captcha_1756163018031.png,4672
captcha_1756163070164.png,4745
captcha_1756163080725.png,8306
captcha_1756163090318.png,5075
captcha_1756194930967.png,9577
captcha_1756194939513.png,2838
captcha_1756194947046.png,9375
captcha_1756194953723.png,5391
captcha_1756194961494.png,1599
captcha_1756194968910.png,2155
captcha_1756194976289.png,6223
captcha_1756194983649.png,5903
captcha_1756194985304.png,7388
